m,n=100000,n=1000000,n=10000000,Output len for n=100000,Output len for n=1000000,Output len for n=10000000
100,6.739993114024401e-05,3.729993477463722e-05,3.660004585981369e-05,1,1,1
200,3.42000275850296e-05,3.160000778734684e-05,3.070000093430281e-05,1,1,1
300,5.0900038331747055e-05,5.039991810917854e-05,4.970002919435501e-05,1,1,1
400,6.970006506890059e-05,4.430010449141264e-05,4.579999949783087e-05,1,1,1
500,7.960002403706312e-05,7.880001794546843e-05,7.189996540546417e-05,1,1,1
600,8.52999510243535e-05,6.989995017647743e-05,0.0001004999503493309,1,1,1
700,8.359993807971478e-05,6.790005136281252e-05,9.23000043258071e-05,1,1,1
800,9.660003706812859e-05,8.080003317445517e-05,7.639999967068434e-05,1,1,1
900,0.00013860000763088465,0.00015159999020397663,0.00010529998689889908,1,1,1
1000,0.00030830001924186945,0.00012600002810359,0.00014199991710484028,1,1,1
1100,0.00017229991499334574,0.0001943999668583274,0.00015440001152455807,1,1,1
1200,0.00030120008159428835,0.00016739999409765005,0.0014315999578684568,1,1,1
1300,0.00015899993013590574,0.00015799992252141237,0.00015930004883557558,1,1,1
1400,0.0001829999964684248,0.00016689999029040337,0.00017010001465678215,1,1,1
1500,0.0001805999781936407,0.00014779996126890182,0.0001534000039100647,1,1,1
1600,0.00018119998276233673,0.0001503999810665846,0.00018119998276233673,1,1,1
1700,0.00019829999655485153,0.00016549997963011265,0.000202000024728477,1,1,1
1800,0.000250800047069788,0.00025120005011558533,0.0002471000188961625,1,1,1
1900,0.0015336000360548496,0.0002532999496906996,0.0006458000279963017,1,1,1
2000,0.0003397999098524451,0.0002930000191554427,0.0002455000067129731,1,1,1
2100,0.00019160006195306778,0.00017499993555247784,0.00017699995078146458,1,1,1
2200,0.00021740002557635307,0.0001993000041693449,0.00021470000501722097,1,1,1
2300,0.00027550000231713057,0.0002527000615373254,0.0002552000805735588,1,1,1
2400,0.0002758000046014786,0.00023159990087151527,0.0002514999359846115,1,1,1
2500,0.00030200008768588305,0.00034730008337646723,0.0003451000666245818,1,1,1
2600,0.0004157999064773321,0.0005905000725761056,0.00023830006830394268,1,1,1
2700,0.0005487999878823757,0.0002875999780371785,0.000359599944204092,1,1,1
2800,0.00029820005875080824,0.00026810006238520145,0.0002408000873401761,1,1,1
2900,0.0003135999431833625,0.0002733999863266945,0.0002722999779507518,1,1,1
3000,0.00039249996189028025,0.0004219000693410635,0.0004160000244155526,1,1,1
3100,0.0004395999712869525,0.0007088999263942242,0.0005821000086143613,1,1,1
3200,0.0004043999360874295,0.00032730004750192165,0.0003431000513955951,1,1,1
3300,0.00037489994429051876,0.0003610999556258321,0.000286600086838007,1,1,1
3400,0.00038460001815110445,0.00031100003980100155,0.0002821000525727868,1,1,1
3500,0.00046499993186444044,0.0004726001061499119,0.00043810007628053427,1,1,1
3600,0.0004224000731483102,0.00040389993228018284,0.00030259997583925724,1,1,1
3700,0.0007335999980568886,0.0009014999959617853,0.00039930001366883516,1,1,1
3800,0.0004061000654473901,0.00039009994361549616,0.0003233000170439482,1,1,1
3900,0.0011246999492868781,0.00101350003387779,0.0005223000189289451,1,1,1
4000,0.0004547999706119299,0.0004124999977648258,0.00034259993117302656,1,1,1
4100,0.00048390007577836514,0.0005721000488847494,0.0005299999611452222,1,1,1
4200,0.000444800010882318,0.00041480001527816057,0.00039190007373690605,1,1,1
4300,0.000457199988886714,0.00039059994742274284,0.0003493999829515815,1,1,1
4400,0.0004477999173104763,0.00038769992534071207,0.00036049995105713606,1,1,1
4500,0.00043320003896951675,0.0004229999613016844,0.0003744000568985939,1,1,1
4600,0.0006222999654710293,0.000494800042361021,0.0008424000116065145,1,1,1
4700,0.0005469000898301601,0.0005549000343307853,0.0004729999927803874,1,1,1
4800,0.0005170999793335795,0.00042230007238686085,0.0004455000162124634,1,1,1
4900,0.00044540001545101404,0.0004721999866887927,0.0004104999825358391,1,1,1
5000,0.0005361000075936317,0.0004782000323757529,0.00047500000800937414,1,1,1
5100,0.0006353000644594431,0.0007480999920517206,0.0005509998882189393,1,1,1
5200,0.0005520000122487545,0.00044299999717622995,0.000496799941174686,1,1,1
5300,0.0004897000035271049,0.0005561000434681773,0.0004333999240770936,1,1,1
5400,0.0004994000773876905,0.0005015999777242541,0.000443600001744926,1,1,1
5500,0.0004989999579265714,0.000507200020365417,0.0005046000005677342,1,1,1
5600,0.0006408999906852841,0.0006269000004976988,0.0005365000106394291,1,1,1
5700,0.0005728000542148948,0.0005555000388994813,0.00048209994565695524,1,1,1
5800,0.0007594000780954957,0.0007809000089764595,0.0007749000797048211,1,1,1
5900,0.0005611999658867717,0.0009225999237969518,0.0007681999122723937,1,1,1
6000,0.0006763000274077058,0.0005777999758720398,0.00061039999127388,1,1,1
6100,0.0006952000549063087,0.0005603000754490495,0.0004926000256091356,1,1,1
6200,0.0006216999609023333,0.0005512000061571598,0.000510099926032126,1,1,1
6300,0.000597400008700788,0.0005052998894825578,0.0011523000430315733,1,1,1
6400,0.0006209000712260604,0.0005771999713033438,0.0006103001069277525,1,1,1
6500,0.0006469999207183719,0.000555100035853684,0.000600899918936193,1,1,1
6600,0.0006626000395044684,0.0005432000616565347,0.0005451999604701996,1,1,1
6700,0.0006087999790906906,0.0005845999112352729,0.0013464000076055527,1,1,1
6800,0.0007043000077828765,0.0006282000103965402,0.0005654999986290932,1,1,1
6900,0.0006287000142037868,0.0005825000116601586,0.0005574999377131462,1,1,1
7000,0.0006876999977976084,0.0006942000472918153,0.0006144000217318535,1,1,1
7100,0.000740499934181571,0.0011294999858364463,0.0005777999758720398,1,1,1
7200,0.0007418999448418617,0.0006216999609023333,0.0006189000559970737,1,1,1
7300,0.0007129000732675195,0.0012072999961674213,0.0006253999890759587,1,1,1
7400,0.0006925000343471766,0.0009475999977439642,0.0009688000427559018,1,1,1
7500,0.0010087999980896711,0.0010186000727117062,0.0010340000735595822,1,1,1
7600,0.000686999992467463,0.001290000043809414,0.0006347000598907471,1,1,1
7700,0.001097199972718954,0.0006389999762177467,0.000660100020468235,1,1,1
7800,0.0007834000280126929,0.0008552999934181571,0.0007693000370636582,1,1,1
7900,0.0007686000317335129,0.0006386999739333987,0.000632000039331615,1,1,1
8000,0.000754099921323359,0.0008410000009462237,0.0009740999666973948,1,1,1
8100,0.0007932999869808555,0.000798500026576221,0.0007034000009298325,1,1,1
8200,0.0007439999608322978,0.0006863001035526395,0.000681100063957274,1,1,1
8300,0.0007908000843599439,0.0006966999499127269,0.0009435999672859907,1,1,1
8400,0.0014932999620214105,0.0008073999779298902,0.0006947999354451895,1,1,1
8500,0.0008162000449374318,0.0012779999524354935,0.0007088000420480967,1,1,1
8600,0.000781599897891283,0.0009920001029968262,0.0010380999883636832,1,1,1
8700,0.0008094999939203262,0.0007232999196276069,0.0007182999979704618,1,1,1
8800,0.0008347999537363648,0.0007434000726789236,0.0008190000662580132,1,1,1
8900,0.0011078000534325838,0.0012526999926194549,0.0010594999184831977,1,1,1
9000,0.0010263000149279833,0.001153700053691864,0.0010825999779626727,1,1,1
9100,0.0010261000134050846,0.0007653000066056848,0.0011783000081777573,1,1,1
9200,0.0009865000611171126,0.0008815000765025616,0.000822200090624392,1,1,1
9300,0.0011224000481888652,0.0011060000397264957,0.0011192000238224864,1,1,1
9400,0.0010270000202581286,0.0013003000058233738,0.001012600027024746,1,1,1
9500,0.0011360000353306532,0.0009364000288769603,0.0008143000304698944,1,1,1
9600,0.001123500056564808,0.001213400042615831,0.0010815999703481793,1,1,1
9700,0.0012196999741718173,0.0009777999948710203,0.0010804999619722366,1,1,1
9800,0.0009533000411465764,0.0008506999583914876,0.0008081999840214849,1,1,1
9900,0.0011016998905688524,0.001013200031593442,0.0009504000190645456,1,1,1
10000,0.000989000080153346,0.0009296999778598547,0.0009079000446945429,1,1,1
10100,0.0009646998951211572,0.0008165000472217798,0.0009680000366643071,1,1,1
10200,0.0014489999739453197,0.0008858999935910106,0.0010856000008061528,1,1,1
10300,0.0011298999888822436,0.0010142000392079353,0.0009803000139072537,1,1,1
10400,0.0011884999694302678,0.0011517999228090048,0.0011294999858364463,1,1,1
10500,0.0010475999442860484,0.0009034000104293227,0.0009290999732911587,1,1,1
10600,0.0012380999978631735,0.0014269999228417873,0.0014513999922201037,1,1,1
10700,0.001430500065907836,0.0014370999997481704,0.0013645000290125608,1,1,1
10800,0.0013556999620050192,0.001260399934835732,0.0013122999807819724,1,1,1
10900,0.0011177000124007463,0.0010872000129893422,0.0009201000211760402,1,1,1
11000,0.0011997000547125936,0.0011137000983580947,0.0010715000098571181,1,1,1
11100,0.0010798999574035406,0.0010723000159487128,0.001282899989746511,1,1,1
11200,0.001168399932794273,0.0011535000521689653,0.0011283999774605036,1,1,1
11300,0.0012697000056505203,0.0009445999749004841,0.0009345000144094229,1,1,1
11400,0.0011514000361785293,0.0016088999109342694,0.0009842000436037779,1,1,1
11500,0.0011558999540284276,0.0009886999614536762,0.0009822999127209187,1,1,1
11600,0.001200700062327087,0.0013279999839141965,0.001241500023752451,1,1,1
11700,0.0010922999354079366,0.0015058000572025776,0.0010220999829471111,1,1,1
11800,0.0012138999300077558,0.0010281999129801989,0.0009622999932616949,1,1,1
11900,0.0019124000100418925,0.0014198999851942062,0.0011306999949738383,1,1,1
12000,0.0014140000566840172,0.0009978999150916934,0.0009925999911502004,1,1,1
12100,0.0023903000401332974,0.001313099986873567,0.0012209999840706587,1,1,1
12200,0.001415700069628656,0.0011230999371036887,0.0012652999721467495,1,1,1
12300,0.0012300999369472265,0.001384400064125657,0.0011938000097870827,1,1,1
12400,0.0011506000300869346,0.0010204999707639217,0.0010073999874293804,1,1,1
12500,0.0025671999901533127,0.0013047999236732721,0.0012996000004932284,1,1,1
12600,0.001103700022213161,0.001271400018595159,0.0012005999451503158,1,1,1
12700,0.001260999939404428,0.0012305999407544732,0.0011262999614700675,1,1,1
12800,0.0012466999469324946,0.0010622000554576516,0.0011694999411702156,1,1,1
12900,0.001212499919347465,0.001328200101852417,0.0013827000511810184,1,1,1
13000,0.0012417000252753496,0.001513600000180304,0.001151000033132732,1,1,1
13100,0.0011766999959945679,0.001297699986025691,0.0012429000344127417,1,1,1
13200,0.0015241000801324844,0.001289999927394092,0.0010881000198423862,1,1,1
13300,0.001557100098580122,0.0015654000453650951,0.0015464999014511704,1,1,1
13400,0.001164300017990172,0.0011597999837249517,0.0011463999981060624,1,1,1
13500,0.0012952000834047794,0.001361900009214878,0.00156920007430017,1,1,1
13600,0.0013011000119149685,0.0012157999444752932,0.001254500006325543,1,1,1
13700,0.0012593999272212386,0.0014279000461101532,0.0013256999664008617,1,1,1
13800,0.0013058000477030873,0.0011962000280618668,0.0011886999709531665,1,1,1
13900,0.0012554998975247145,0.0015720000956207514,0.001672100042924285,1,1,1
14000,0.0012774999486282468,0.001196000026538968,0.0013743999879807234,1,1,1
14100,0.001325199962593615,0.0016282000578939915,0.0013818000443279743,1,1,1
14200,0.0013276999816298485,0.0011876999633386731,0.0011912999907508492,1,1,1
14300,0.0026412000879645348,0.0014720000326633453,0.0014235000126063824,1,1,1
14400,0.0016610999591648579,0.001539599965326488,0.0017268999945372343,1,1,1
14500,0.001476299948990345,0.0011906999861821532,0.0011757999891415238,1,1,1
14600,0.0013915000017732382,0.0037903999909758568,0.0013782000169157982,1,1,1
14700,0.0014297999441623688,0.0012372999917715788,0.0011811999138444662,1,1,1
14800,0.0021315000485628843,0.0013475999003276229,0.0012315999483689666,1,1,1
14900,0.002719299984164536,0.0014992000069469213,0.0013533999444916844,1,1,1
15000,0.0019047000678256154,0.0015440999995917082,0.0012924999464303255,1,1,1
15100,0.0020326999947428703,0.001512099988758564,0.0012884000316262245,1,1,1
15200,0.0013574999757111073,0.0012174999574199319,0.0013783000176772475,1,1,1
15300,0.002591000054962933,0.0012921999441459775,0.0012659999774768949,1,1,1
15400,0.0025294000515714288,0.001659100060351193,0.0014759000623598695,1,1,1
15500,0.001398000051267445,0.0012472999515011907,0.0012407000176608562,1,1,1
15600,0.003004999947734177,0.0014599000569432974,0.0012521001044660807,1,1,1
15700,0.0018987000221386552,0.0013650000328198075,0.0015116999857127666,1,1,1
15800,0.001497599994763732,0.0012913999380543828,0.0013414999702945352,1,1,1
15900,0.0014187999768182635,0.0015562999760732055,0.001715600024908781,1,1,1
16000,0.0014564000302925706,0.0013323999010026455,0.001285600010305643,1,1,1
16100,0.0026012000162154436,0.0015873999800533056,0.001296199974603951,1,1,1
16200,0.0017472999170422554,0.0013141999952495098,0.0015326000284403563,1,1,1
16300,0.0014964999863877892,0.0013430999824777246,0.0013288999907672405,1,1,1
16400,0.002602799911983311,0.001727099996060133,0.001691299956291914,1,1,1
16500,0.001433500088751316,0.0013220999389886856,0.001322499942034483,1,1,1
16600,0.003652599989436567,0.0014573999214917421,0.0013296999968588352,1,1,1
16700,0.002805100055411458,0.0017063000705093145,0.0015254999743774533,1,1,1
16800,0.002068599918857217,0.001331400009803474,0.0014920999528840184,1,1,1
16900,0.0017010999144986272,0.0014848000137135386,0.001353299943730235,1,1,1
17000,0.0020647000055760145,0.001855500042438507,0.0017448998987674713,1,1,1
17100,0.001717599923722446,0.001480500097386539,0.0014826999977231026,1,1,1
17200,0.002112500020302832,0.0017630000365898013,0.0015137000009417534,1,1,1
17300,0.001539599965326488,0.0015223999507725239,0.0019029000541195273,1,1,1
17400,0.001563900033943355,0.0014165999600663781,0.0014809999847784638,1,1,1
17500,0.0020815000170841813,0.0018829000182449818,0.0017517999513074756,1,1,1
17600,0.0016964999958872795,0.0016232000198215246,0.0016943999798968434,1,1,1
17700,0.001642799936234951,0.0014646999770775437,0.0017493999330326915,1,1,1
17800,0.0018526000203564763,0.001810800051316619,0.0015461998991668224,1,1,1
17900,0.0017284000059589744,0.0017009999137371778,0.0018653000006452203,1,1,1
18000,0.0021285000257194042,0.001650799997150898,0.0014791999710723758,1,1,1
18100,0.002756299916654825,0.002241999958641827,0.001641899929381907,1,1,1
18200,0.0021919000428169966,0.0020096999360248446,0.001729099894873798,1,1,1
18300,0.00215000007301569,0.0017558999825268984,0.0016681000124663115,1,1,1
18400,0.001952800084836781,0.0017207999480888247,0.0015101999742910266,1,1,1
18500,0.002216199995018542,0.001916100038215518,0.0017404999816790223,1,1,1
18600,0.0019398999866098166,0.002166599966585636,0.0021729000145569444,1,1,1
18700,0.001879999996162951,0.0017971000634133816,0.002437800052575767,1,1,1
18800,0.0019268000032752752,0.001577500021085143,0.0014938999665901065,1,1,1
18900,0.003159599960781634,0.002148200059309602,0.001972900005057454,1,1,1
19000,0.0025252000195905566,0.0019141000229865313,0.0018169000977650285,1,1,1
19100,0.0018264000536873937,0.0015907000051811337,0.0016235000221058726,1,1,1
19200,0.0026984000578522682,0.00230529997497797,0.0019293000223115087,1,1,1
19300,0.0021095999982208014,0.0018449999624863267,0.0020244999323040247,1,1,1
19400,0.0023719999007880688,0.0020259000593796372,0.0018396999221295118,1,1,1
19500,0.0021307000424712896,0.0021718000061810017,0.002020800020545721,1,1,1
19600,0.0017223000759258866,0.0015873999800533056,0.0015676000621169806,1,1,1
19700,0.001890899962745607,0.0021736000198870897,0.0016407999210059643,1,1,1
19800,0.002508100005798042,0.0020366000244393945,0.0018752999603748322,1,1,1
19900,0.0023002999369055033,0.0017850999720394611,0.0018246000399813056,1,1,1
20000,0.0021188000682741404,0.0016584000550210476,0.0016538999043405056,1,1,1
20100,0.002403800026513636,0.002364100073464215,0.0021831999765709043,1,1,1
20200,0.0017773000290617347,0.001879099989309907,0.0019450000254437327,1,1,1
20300,0.0019153000321239233,0.0016639999812468886,0.0017007000278681517,1,1,1
20400,0.002706499886699021,0.0016726000467315316,0.0016721999272704124,1,1,1
20500,0.004132600035518408,0.0023898999206721783,0.0021566000068560243,1,1,1
20600,0.0021855999948456883,0.002072200062684715,0.0018612999701872468,1,1,1
20700,0.0017519999528303742,0.001975500024855137,0.0020221000304445624,1,1,1
20800,0.0018625999800860882,0.0017290000105276704,0.0027432999340817332,1,1,1
20900,0.001901600044220686,0.0018350000027567148,0.0017546999733895063,1,1,1
21000,0.0024021000135689974,0.0019434000132605433,0.0016890999395400286,1,1,1
21100,0.002247900003567338,0.0023033999605104327,0.002572000026702881,1,1,1
21200,0.0025003000628203154,0.0021424998994916677,0.0020318999886512756,1,1,1
21300,0.0022974000312387943,0.0020306999795138836,0.0022441999753937125,1,1,1
21400,0.0021512999664992094,0.0020010999869555235,0.0017671000678092241,1,1,1
21500,0.004003799986094236,0.0026023000245913863,0.0026212999364361167,1,1,1
21600,0.0035266000777482986,0.0031296999659389257,0.0018529000226408243,1,1,1
21700,0.002094399998895824,0.0017778000328689814,0.0025833999970927835,1,1,1
21800,0.0023592000361531973,0.0021682000951841474,0.0017534999642521143,1,1,1
21900,0.002646800014190376,0.0026660000439733267,0.0018204000080004334,1,1,1
22000,0.0032044999534264207,0.0021504999604076147,0.0018162999767810106,1,1,1
22100,0.0021055000834167004,0.0018896000692620873,0.0023554000072181225,1,1,1
22200,0.002647100016474724,0.002697999938391149,0.0026709999656304717,1,1,1
22300,0.0025095000164583325,0.0025117999175563455,0.0019895998993888497,1,1,1
22400,0.0018221000209450722,0.0018088000360876322,0.002098799915984273,1,1,1
22500,0.0030330000445246696,0.0026993999490514398,0.0030403999844565988,1,1,1
22600,0.0022345000179484487,0.0020043000113219023,0.002220700029283762,1,1,1
22700,0.00373670004773885,0.0019097999902442098,0.0018560999305918813,1,1,1
22800,0.00255430000834167,0.002630900009535253,0.002114200033247471,1,1,1
22900,0.0027875000378116965,0.00262229994405061,0.0018758000805974007,1,1,1
23000,0.002288099960424006,0.002051900024525821,0.002087400062009692,1,1,1
23100,0.0027547000208869576,0.0028403999749571085,0.0021421000128611922,1,1,1
23200,0.0027796999784186482,0.002902599982917309,0.0032459000358358026,1,1,1
23300,0.0027676000026986003,0.0024983000475913286,0.0022345000179484487,1,1,1
23400,0.0027740999357774854,0.002722300007008016,0.002386300009675324,1,1,1
23500,0.0028288000030443072,0.0028804000467061996,0.00281360000371933,1,1,1
23600,0.002822200069203973,0.002769000013358891,0.002261799992993474,1,1,1
23700,0.0021296999184414744,0.0030598000157624483,0.001957500004209578,1,1,1
23800,0.0020302999764680862,0.001900400035083294,0.0019666000735014677,1,1,1
23900,0.0037269999738782644,0.00189919990953058,0.0019054999575018883,1,1,1
24000,0.003526699962094426,0.0019347000634297729,0.001914600026793778,1,1,1
24100,0.004255099920555949,0.0020099999383091927,0.001993300043977797,1,1,1
24200,0.0032932000467553735,0.00208770006429404,0.0021097999997437,1,1,1
24300,0.0022703000577166677,0.00230679998639971,0.001983300084248185,1,1,1
24400,0.003915700013749301,0.00293810002040118,0.003003799938596785,1,1,1
24500,0.0037685000570490956,0.0020240999292582273,0.0020019999938085675,1,1,1
24600,0.0029989000177010894,0.0020575999515131116,0.0019488000543788075,1,1,1
24700,0.0035584999714046717,0.002110100002028048,0.002002199995331466,1,1,1
24800,0.004153400077484548,0.0030589000089094043,0.0028769999044016004,1,1,1
24900,0.0028393000829964876,0.0030081000877544284,0.002993999980390072,1,1,1
25000,0.0026236000703647733,0.002089399960823357,0.0022037000162526965,1,1,1
25100,0.00370560004375875,0.004092799965292215,0.004891399992629886,1,1,1
25200,0.002513399929739535,0.002754200017079711,0.0024561999598518014,1,1,1
25300,0.0022392000537365675,0.0021188000682741404,0.0037716999650001526,1,1,1
25400,0.002255899948067963,0.0022122999653220177,0.0035368999233469367,1,1,1
25500,0.0022866000654175878,0.003258500015363097,0.0022348000202327967,1,1,1
25600,0.0022908999817445874,0.002293700003065169,0.0029909000732004642,1,1,1
25700,0.002254699938930571,0.00212309998460114,0.0025080000050365925,1,1,1
25800,0.0027132999384775758,0.0020244999323040247,0.002280700020492077,1,1,1
25900,0.0029871000442653894,0.0020889000734314322,0.002131700050085783,1,1,1
26000,0.0029720000457018614,0.0024788998998701572,0.002133800066076219,1,1,1
26100,0.004551799967885017,0.003860300057567656,0.006711499998345971,1,1,1
26200,0.003902300028130412,0.004890299984253943,0.0033051000209525228,1,1,1
26300,0.002735899994149804,0.0021852999925613403,0.002283999929204583,1,1,1
26400,0.002952300012111664,0.003132699988782406,0.0024788000155240297,1,1,1
26500,0.002638000063598156,0.002239900059066713,0.002159200026653707,1,1,1
26600,0.0032388000981882215,0.003983400063589215,0.002878100029192865,1,1,1
26700,0.0025862999027594924,0.00216630008071661,0.0026819000486284494,1,1,1
26800,0.0024256999604403973,0.0022378000430762768,0.00224910001270473,1,1,1
26900,0.0023939000675454736,0.0023997999960556626,0.0022489000111818314,1,1,1
27000,0.004214599961414933,0.002503699972294271,0.002218300011008978,1,1,1
27100,0.002907400019466877,0.002250000019557774,0.00241650000680238,1,1,1
27200,0.00308490009047091,0.0023246000055223703,0.002221300033852458,1,1,1
27300,0.0027809999883174896,0.002421200042590499,0.0023886999115347862,1,1,1
27400,0.002917699981480837,0.0024543999461457133,0.0023285000352188945,1,1,1
27500,0.002456999965943396,0.0023911999305710196,0.002354700001887977,1,1,1
27600,0.002338099991902709,0.002892299904488027,0.002432200009934604,1,1,1
27700,0.003300099982880056,0.0032532999757677317,0.0036735000321641564,1,1,1
27800,0.0029275999404489994,0.002434500027447939,0.0023033999605104327,1,1,1
27900,0.0033681000350043178,0.003459900035522878,0.0023621999425813556,1,1,1
28000,0.0034709000028669834,0.0023190000792965293,0.0022910000989213586,1,1,1
28100,0.0043524999637156725,0.0022758999839425087,0.0026134999934583902,1,1,1
28200,0.0028343999292701483,0.0023530999897047877,0.0025372999953106046,1,1,1
28300,0.002742599928751588,0.0023346999660134315,0.002569400006905198,1,1,1
28400,0.0030606999062001705,0.0023244000039994717,0.003364300006069243,1,1,1
28500,0.00315290002617985,0.0023292999248951674,0.0031867000507190824,1,1,1
28600,0.003290100023150444,0.0022896999726071954,0.002686999971047044,1,1,1
28700,0.0026076999492943287,0.0024376000510528684,0.0025538000045344234,1,1,1
28800,0.003770700073800981,0.002526800031773746,0.0027018000837415457,1,1,1
28900,0.00256609998177737,0.0025270000332966447,0.0028031000401824713,1,1,1
29000,0.00255129998549819,0.0023671999806538224,0.004175900015980005,1,1,1
29100,0.002550099976360798,0.0037410000804811716,0.003201700048521161,1,1,1
29200,0.0034949000691995025,0.0030165999196469784,0.002458199975080788,1,1,1
29300,0.0032728000078350306,0.0026985000586137176,0.002373199909925461,1,1,1
29400,0.004266800009645522,0.002647200017236173,0.0022950000129640102,1,1,1
29500,0.00465499993879348,0.0024158000014722347,0.002513699932023883,1,1,1
29600,0.0034684999845921993,0.0035548999439924955,0.0038938000798225403,1,1,1
29700,0.0025461000623181462,0.0025159999495372176,0.0030971000669524074,1,1,1
29800,0.002532700076699257,0.0024396999506279826,0.0030375999631360173,1,1,1
29900,0.003218499943614006,0.0025586000410839915,0.0027399000246077776,1,1,1
30000,0.0026811999268829823,0.00274379993788898,0.0023999999975785613,1,1,1
30100,0.003573999973013997,0.003539100056514144,0.0035572999622672796,1,1,1
30200,0.0035321000032126904,0.0036365000996738672,0.0036289000418037176,1,1,1
30300,0.004309399984776974,0.0036039999686181545,0.0035803000209853053,1,1,1
30400,0.002628199988976121,0.0030749000143259764,0.002688599983230233,1,1,1
30500,0.003397200023755431,0.0030391999753192067,0.002492200001142919,1,1,1
30600,0.0038994000060483813,0.0035732999676838517,0.00371859990991652,1,1,1
30700,0.003946300013922155,0.0037846999475732446,0.0040938000893220305,1,1,1
30800,0.0027184999780729413,0.003028100007213652,0.003689900040626526,1,1,1
30900,0.003160799969919026,0.0030388999730348587,0.0028252999763935804,1,1,1
31000,0.0037302999990060925,0.002810399979352951,0.0024907999904826283,1,1,1
31100,0.004694600007496774,0.002534099970944226,0.004339700099080801,1,1,1
31200,0.0038433000445365906,0.0032366999657824636,0.0030126000056043267,1,1,1
31300,0.0027037999825552106,0.003273800015449524,0.002873699995689094,1,1,1
31400,0.002701899968087673,0.003187800059095025,0.0027465999592095613,1,1,1
31500,0.003647400066256523,0.0028207000577822328,0.0025243000127375126,1,1,1
31600,0.005194000084884465,0.002534399973228574,0.002895000041462481,1,1,1
31700,0.0035927999997511506,0.0038910999428480864,0.0034788999473676085,1,1,1
31800,0.0027385998982936144,0.0030221999622881413,0.0028232999611645937,1,1,1
31900,0.003946000011637807,0.0034444999182596803,0.0030504000606015325,1,1,1
32000,0.003983199945650995,0.0026187000330537558,0.0027196999872103333,1,1,1
32100,0.003454799996688962,0.0026853999588638544,0.00280449993442744,1,1,1
32200,0.0037398000713437796,0.0037911999970674515,0.0029836000176146626,1,1,1
32300,0.002741099917329848,0.00279150006826967,0.0030617000302299857,1,1,1
32400,0.0027613999554887414,0.004263399983756244,0.0028678999515250325,1,1,1
32500,0.004347700043581426,0.0026181000284850597,0.0026183000300079584,1,1,1
32600,0.0036727000260725617,0.0039049999322742224,0.004445499973371625,1,1,1
32700,0.0038255000254139304,0.00366539997048676,0.003090800018981099,1,1,1
32800,0.0038714000256732106,0.003964999923482537,0.003938700072467327,1,1,1
32900,0.0032728000078350306,0.002933699986897409,0.0031729000620543957,1,1,1
33000,0.004256500047631562,0.005283100064843893,0.005313600064255297,1,1,1
33100,0.0031971000134944916,0.003301599994301796,0.004736299975775182,1,1,1
33200,0.004584999987855554,0.00397510000038892,0.0031604000832885504,1,1,1
33300,0.0028999000787734985,0.0026932000182569027,0.0032869999995455146,1,1,1
33400,0.002934400108642876,0.002608100068755448,0.004782299976795912,1,1,1
33500,0.00397369998972863,0.0033685999223962426,0.002777900081127882,1,1,1
33600,0.00525540008675307,0.002814800012856722,0.004840099951252341,1,1,1
33700,0.0031676999060437083,0.003034900058992207,0.0029855000320822,1,1,1
33800,0.00308040005620569,0.0030035999370738864,0.002712199930101633,1,1,1
33900,0.004031699965707958,0.0031443999614566565,0.0027682000072672963,1,1,1
34000,0.003269400098361075,0.003011199994944036,0.0027788999723270535,1,1,1
34100,0.003287400002591312,0.0033759999787434936,0.0031470999820157886,1,1,1
34200,0.0036510999780148268,0.003649699967354536,0.004148899926804006,1,1,1
34300,0.0029600000707432628,0.003857299918308854,0.004156299983151257,1,1,1
34400,0.003412800026126206,0.0032001000363379717,0.003881299984641373,1,1,1
34500,0.004040200030431151,0.00339590001385659,0.0036840999964624643,1,1,1
34600,0.0033170999959111214,0.003496600082144141,0.003489100025035441,1,1,1
34700,0.003123799921013415,0.00286829995457083,0.0031571999425068498,1,1,1
34800,0.003538499935530126,0.0030629000393673778,0.0037625000113621354,1,1,1
34900,0.0031805000035092235,0.00413799996022135,0.0030255999881774187,1,1,1
35000,0.0030817000661045313,0.003483300097286701,0.003086900105699897,1,1,1
35100,0.0033277999609708786,0.0032193000661209226,0.00402379990555346,1,1,1
35200,0.003089600009843707,0.003049700055271387,0.003218800062313676,1,1,1
35300,0.003156699938699603,0.0034425000194460154,0.00381499994546175,1,1,1
35400,0.0031997000332921743,0.003543799975886941,0.0030499000567942858,1,1,1
35500,0.0033421999542042613,0.003728099982254207,0.003082399955019355,1,1,1
35600,0.0036750000435858965,0.0032002999214455485,0.0031539000337943435,1,1,1
35700,0.003212000010535121,0.0029208000050857663,0.0034263000125065446,1,1,1
35800,0.0032264000037685037,0.003182800021022558,0.0033608999801799655,1,1,1
35900,0.004319300060160458,0.004290200071409345,0.004294699989259243,1,1,1
36000,0.0038035999750718474,0.0031766999745741487,0.003144000074826181,1,1,1
36100,0.004356299992650747,0.004331900039687753,0.005288999993354082,1,1,1
36200,0.003417799947783351,0.0029821000061929226,0.003935999935492873,1,1,1
36300,0.004392400034703314,0.0038895999314263463,0.0029582000570371747,1,1,1
36400,0.004360100021585822,0.002989600063301623,0.0031036000000312924,1,1,1
36500,0.0032657000701874495,0.0031020999886095524,0.003131899982690811,1,1,1
36600,0.004453799920156598,0.003931000013835728,0.0030722999945282936,1,1,1
36700,0.0032143000280484557,0.0033497000113129616,0.0029291000682860613,1,1,1
36800,0.0042431999463588,0.002925700042396784,0.003374100080691278,1,1,1
36900,0.0034661999670788646,0.003729899995960295,0.004476599977351725,1,1,1
37000,0.004555199993774295,0.0034036000724881887,0.0031648000003769994,1,1,1
37100,0.0036389000015333295,0.0032960999524220824,0.004092699964530766,1,1,1
37200,0.0032351999543607235,0.0037119999760761857,0.003514499985612929,1,1,1
37300,0.004529299912974238,0.0041842000791803,0.004200099967420101,1,1,1
37400,0.003380600013770163,0.0034271000185981393,0.0034590999130159616,1,1,1
37500,0.0033395999344065785,0.0036599000450223684,0.003244600025936961,1,1,1
37600,0.0032784000504761934,0.003272600006312132,0.0032568000024184585,1,1,1
37700,0.004148300038650632,0.0030897000106051564,0.0034308000467717648,1,1,1
37800,0.0034678999800235033,0.0030804999405518174,0.0031983000226318836,1,1,1
37900,0.0032998999813571572,0.0037350000347942114,0.003269999986514449,1,1,1
38000,0.003799299942329526,0.0036697000032290816,0.0037199000362306833,1,1,1
38100,0.004070499911904335,0.0033542000455781817,0.0037561000790446997,1,1,1
38200,0.00351279997266829,0.0038853000150993466,0.003581599914468825,1,1,1
38300,0.0036907000467181206,0.003332399995997548,0.0044009999837726355,1,1,1
38400,0.0033724000677466393,0.0033171999966725707,0.0036970999790355563,1,1,1
38500,0.0036902999272570014,0.004344900022260845,0.0031336999963968992,1,1,1
38600,0.004364199936389923,0.0032341000624001026,0.004667700035497546,1,1,1
38700,0.003957199980504811,0.004544000024907291,0.003739599953405559,1,1,1
38800,0.004143800004385412,0.003287400002591312,0.0036361999809741974,1,1,1
38900,0.003623099997639656,0.004554099985398352,0.0032195000676438212,1,1,1
39000,0.004264499992132187,0.003517200006172061,0.0034754000371322036,1,1,1
39100,0.0036253000143915415,0.003306900034658611,0.003952000057324767,1,1,1
39200,0.0034407000057399273,0.005006600054912269,0.00335869996342808,1,1,1
39300,0.003990500001236796,0.0034904000349342823,0.005043599987402558,1,1,1
39400,0.0036510000936686993,0.003779800026677549,0.0034847999922931194,1,1,1
39500,0.004172899993136525,0.0035678999265655875,0.0036013999488204718,1,1,1
39600,0.004595500067807734,0.003641999908722937,0.004848400014452636,1,1,1
39700,0.004777300055138767,0.004027000046335161,0.0046799000119790435,1,1,1
39800,0.003559499979019165,0.0040565000381320715,0.003537300042808056,1,1,1
39900,0.004284300026483834,0.0034066999796777964,0.00375150004401803,1,1,1
40000,0.003742899978533387,0.003515999997034669,0.003963700029999018,1,1,1
40100,0.0035004999954253435,0.0040790000930428505,0.003288000007160008,1,1,1
40200,0.005004400038160384,0.003617399954237044,0.0045847001019865274,1,1,1
40300,0.003437099978327751,0.004279199987649918,0.003962800023145974,1,1,1
40400,0.004073700052686036,0.0042437000665813684,0.0034956999588757753,1,1,1
40500,0.004385599982924759,0.003674300038255751,0.0032889998983591795,1,1,1
40600,0.004906599991954863,0.003257800010032952,0.00454420002643019,1,1,1
40700,0.0034145000390708447,0.0049854000099003315,0.0039033000357449055,1,1,1
40800,0.003875900059938431,0.0033382000401616096,0.004870499949902296,1,1,1
40900,0.00423439999576658,0.004148800042457879,0.0032532999757677317,1,1,1
41000,0.004835900035686791,0.003337099915370345,0.0037494999123737216,1,1,1
41100,0.0032616000389680266,0.00368780002463609,0.0035996000515297055,1,1,1
41200,0.004581799963489175,0.003457200014963746,0.0042403999250382185,1,1,1
41300,0.003765600034967065,0.004844099981710315,0.003419100074097514,1,1,1
41400,0.005791199975647032,0.003360699978657067,0.0038285000482574105,1,1,1
41500,0.003568599931895733,0.004543500021100044,0.0032421000069007277,1,1,1
41600,0.004199900082312524,0.003980000037699938,0.004154300084337592,1,1,1
41700,0.0037950000260025263,0.0041093999752774835,0.0037351000355556607,1,1,1
41800,0.0063235999550670385,0.0033997000427916646,0.004904800094664097,1,1,1
41900,0.0036084000021219254,0.004634699900634587,0.004614999983459711,1,1,1
42000,0.004443999961949885,0.003896100097335875,0.003771199961192906,1,1,1
42100,0.005598099902272224,0.003689900040626526,0.004806699929758906,1,1,1
42200,0.0036407000152394176,0.00548510008957237,0.0034419000148773193,1,1,1
42300,0.005180499982088804,0.003448899951763451,0.0037734999787062407,1,1,1
42400,0.003865899983793497,0.003858399926684797,0.0035693999379873276,1,1,1
42500,0.005131499958224595,0.003446800052188337,0.005038300063461065,1,1,1
42600,0.0036549000069499016,0.00398689997382462,0.00342550000641495,1,1,1
42700,0.005664799944497645,0.003553600050508976,0.004738999996334314,1,1,1
42800,0.00373370002489537,0.003973799990490079,0.003555299947038293,1,1,1
42900,0.0046273000771179795,0.003423799993470311,0.004220999893732369,1,1,1
43000,0.0037082999479025602,0.004534999956376851,0.0034824999747797847,1,1,1
43100,0.005190400057472289,0.0035160999977961183,0.004031699965707958,1,1,1
43200,0.0036195000866428018,0.004917800077237189,0.00526880007237196,1,1,1
43300,0.004556600004434586,0.004448500112630427,0.00392920000012964,1,1,1
43400,0.005768599919974804,0.003528099972754717,0.004829099983908236,1,1,1
43500,0.003631100058555603,0.004098900011740625,0.0036220999900251627,1,1,1
43600,0.0060659999726340175,0.005052500055171549,0.0038574999198317528,1,1,1
43700,0.005270299967378378,0.0036730999127030373,0.005542199942283332,1,1,1
43800,0.0037187000270932913,0.004121499950997531,0.003776900004595518,1,1,1
43900,0.004593500052578747,0.0036346999695524573,0.005322600016370416,1,1,1
44000,0.003625700017437339,0.0038618999533355236,0.003615700057707727,1,1,1
44100,0.004891399992629886,0.003550400026142597,0.0047685999888926744,1,1,1
44200,0.003690199926495552,0.005039600073359907,0.0035712000681087375,1,1,1
44300,0.004855800070799887,0.00352609995752573,0.003973299986682832,1,1,1
44400,0.003966800053603947,0.004661499988287687,0.005085899960249662,1,1,1
44500,0.003924800083041191,0.004009100026451051,0.003956599975936115,1,1,1
44600,0.004976200056262314,0.00365090009290725,0.004154000082053244,1,1,1
44700,0.004002899979241192,0.0052127999952062964,0.0036225999938324094,1,1,1
44800,0.005299000069499016,0.0037542999489232898,0.004497800022363663,1,1,1
44900,0.0038639999693259597,0.004509099991992116,0.00510559999383986,1,1,1
45000,0.004689799970947206,0.005362600088119507,0.004534199950285256,1,1,1
45100,0.004366200068034232,0.003747499897144735,0.00408780004363507,1,1,1
45200,0.003769699949771166,0.004546600044704974,0.003601999953389168,1,1,1
45300,0.005447300034575164,0.0038126000436022878,0.004094799980521202,1,1,1
45400,0.005475199897773564,0.003865599981509149,0.005221100058406591,1,1,1
45500,0.0038892999291419983,0.004196800058707595,0.003955499967560172,1,1,1
45600,0.0051695998990908265,0.003703300026245415,0.0046193000162020326,1,1,1
45700,0.0037911999970674515,0.004319300060160458,0.003703199909068644,1,1,1
45800,0.005123000009916723,0.0036932999501004815,0.0043784999288618565,1,1,1
45900,0.004835600033402443,0.004807999939657748,0.004430999979376793,1,1,1
46000,0.004397799959406257,0.005212499992921948,0.0038029999705031514,1,1,1
46100,0.0054432000033557415,0.003664799965918064,0.005279800039716065,1,1,1
46200,0.005465599941089749,0.003919200040400028,0.005485799978487194,1,1,1
46300,0.003967199940234423,0.005532599985599518,0.004208300029858947,1,1,1
46400,0.004080199985764921,0.003792500006966293,0.004707499989308417,1,1,1
46500,0.004327500006183982,0.004120299941860139,0.004244299954734743,1,1,1
46600,0.003998700063675642,0.0043527999660000205,0.004000000073574483,1,1,1
46700,0.006190899992361665,0.0037808999186381698,0.004398699966259301,1,1,1
46800,0.0038686998886987567,0.0046811000211164355,0.0037785000167787075,1,1,1
46900,0.005012099980376661,0.004215399967506528,0.004398699966259301,1,1,1
47000,0.005830600042827427,0.003795800032094121,0.004788100020959973,1,1,1
47100,0.003902199910953641,0.005092900013551116,0.004213099949993193,1,1,1
47200,0.004196600057184696,0.004857899970375001,0.0040484999772161245,1,1,1
47300,0.0046067999210208654,0.004916799953207374,0.005087600089609623,1,1,1
47400,0.004067500005476177,0.004777499940246344,0.005459600011818111,1,1,1
47500,0.004567899974063039,0.0043530999682843685,0.004219800001010299,1,1,1
47600,0.004978800076059997,0.004671400063671172,0.004787500016391277,1,1,1
47700,0.0045921000419184566,0.004763300064951181,0.004535200074315071,1,1,1
47800,0.004363700048997998,0.005088799982331693,0.004367300076410174,1,1,1
47900,0.00488050002604723,0.0052180999191477895,0.004770300001837313,1,1,1
48000,0.004676699987612665,0.004235300002619624,0.004941699909977615,1,1,1
48100,0.004391999915242195,0.005514199961908162,0.005645999917760491,1,1,1
48200,0.00505809998139739,0.006124499952420592,0.005522200022824109,1,1,1
48300,0.005698499968275428,0.005155800026841462,0.004636300029233098,1,1,1
48400,0.00507020007353276,0.004115700023248792,0.004766399972140789,1,1,1
48500,0.004386399989016354,0.004532699938863516,0.005472899996675551,1,1,1
48600,0.004239999921992421,0.004987600026652217,0.004005499999038875,1,1,1
48700,0.004539199988357723,0.004752499982714653,0.005154700018465519,1,1,1
48800,0.005717599997296929,0.004233399988152087,0.005938199930824339,1,1,1
48900,0.005149899981915951,0.004007900017313659,0.004895900026895106,1,1,1
49000,0.004353299969807267,0.004649900016374886,0.004063599975779653,1,1,1
49100,0.005514000076800585,0.004286499926820397,0.004641100065782666,1,1,1
49200,0.005132899968884885,0.004369799979031086,0.006030299933627248,1,1,1
49300,0.004848800017498434,0.0043351000640541315,0.004275100072845817,1,1,1
49400,0.004479800001718104,0.00599009997677058,0.004375700023956597,1,1,1
49500,0.00494239991530776,0.0054932000348344445,0.00417970004491508,1,1,1
49600,0.005669900099746883,0.0061122000915929675,0.0043447999050840735,1,1,1
49700,0.005290100001730025,0.004205400007776916,0.005030700005590916,1,1,1
49800,0.005731299985200167,0.004215499968267977,0.0045894000213593245,1,1,1
49900,0.004187999991700053,0.004610399948433042,0.004072900046594441,1,1,1
50000,0.005562599981203675,0.006181399920023978,0.004191499901935458,1,1,1
50100,0.005810400005429983,0.0040837000124156475,0.004707499989308417,1,1,1
50200,0.005123999901115894,0.00419910007622093,0.004572800011374056,1,1,1
50300,0.004244099953211844,0.004726000013761222,0.004184600082226098,1,1,1
50400,0.006019399967044592,0.004980399971827865,0.004240000038407743,1,1,1
50500,0.005302199977450073,0.004001399967819452,0.004685100051574409,1,1,1
50600,0.004787600017152727,0.004347899928689003,0.004404500010423362,1,1,1
50700,0.004470899933949113,0.005473400000482798,0.004054599907249212,1,1,1
50800,0.005868699983693659,0.004639900056645274,0.004612799966707826,1,1,1
50900,0.00622580002527684,0.00430389994289726,0.004815599997527897,1,1,1
51000,0.0054284000070765615,0.004537499975413084,0.005498799961060286,1,1,1
51100,0.00494999997317791,0.004691099980846047,0.005934600019827485,1,1,1
51200,0.004427699954248965,0.004537599976174533,0.004324199981056154,1,1,1
51300,0.004687199951149523,0.006080699968151748,0.0042261999333277345,1,1,1
51400,0.0059441999765113,0.00527569989208132,0.004366200068034232,1,1,1
51500,0.005065000033937395,0.004454899928532541,0.004883900051936507,1,1,1
51600,0.0061215999303385615,0.0050363000482320786,0.004501199931837618,1,1,1
51700,0.005967200035229325,0.004163700039498508,0.0055250999284908175,1,1,1
51800,0.005436599953100085,0.0044837999157607555,0.004642099956981838,1,1,1
51900,0.004665000014938414,0.004717000061646104,0.006453200010582805,1,1,1
52000,0.004474999965168536,0.005414900020696223,0.005699799978174269,1,1,1
52100,0.006555499974638224,0.005871100001968443,0.005701599991880357,1,1,1
52200,0.004780099960044026,0.004531900049187243,0.0060526999877765775,1,1,1
52300,0.0050110999727621675,0.005191599950194359,0.005398100009188056,1,1,1
52400,0.004426399944350123,0.005806199973449111,0.004625000059604645,1,1,1
52500,0.005205700057558715,0.004893900011666119,0.004381499951705337,1,1,1
52600,0.005410999990999699,0.005737400031648576,0.004440800053998828,1,1,1
52700,0.005497100064530969,0.004464400000870228,0.004763599950820208,1,1,1
52800,0.006277699954807758,0.004314200021326542,0.0054539000848308206,1,1,1
52900,0.00557969999499619,0.004317000042647123,0.0053292999509721994,1,1,1
53000,0.005843900027684867,0.004685900057666004,0.004944299929775298,1,1,1
53100,0.004604400019161403,0.004803000018000603,0.004446999984793365,1,1,1
53200,0.0046079999301582575,0.004968499997630715,0.004593700054101646,1,1,1
53300,0.005881000077351928,0.004331600037403405,0.00537659996189177,1,1,1
53400,0.0058102000039070845,0.004334299941547215,0.005194200086407363,1,1,1
53500,0.005875900038518012,0.005252200062386692,0.005872400011867285,1,1,1
53600,0.006184200057759881,0.0044596000807359815,0.005541599937714636,1,1,1
53700,0.005850299960002303,0.004696000018157065,0.005186599912121892,1,1,1
53800,0.00493819999974221,0.0045737000182271,0.006893599987961352,1,1,1
53900,0.005395100102759898,0.00436190003529191,0.004877100000157952,1,1,1
54000,0.004295799997635186,0.004801800008863211,0.0044772999826818705,1,1,1
54100,0.005990199977532029,0.00644210004247725,0.005959099973551929,1,1,1
54200,0.005623500095680356,0.004947500070556998,0.00486570002976805,1,1,1
54300,0.004803700023330748,0.005819099955260754,0.006375800003297627,1,1,1
54400,0.005360300070606172,0.004829200101085007,0.006091300048865378,1,1,1
54500,0.0053567999275401235,0.005155200022272766,0.00479620008263737,1,1,1
54600,0.0044108000583946705,0.005527600063942373,0.004422500031068921,1,1,1
54700,0.005095800035633147,0.004895100020803511,0.004793299944140017,1,1,1
54800,0.005180899985134602,0.004895899910479784,0.004824899951927364,1,1,1
54900,0.00597379996906966,0.006228300044313073,0.004700400051660836,1,1,1
55000,0.005763099994510412,0.004732900066301227,0.012738000019453466,1,1,1
55100,0.009345900034531951,0.010561500093899667,0.006376100005581975,1,1,1
55200,0.005617800052277744,0.005707099917344749,0.005456899991258979,1,1,1
55300,0.005342200049199164,0.006108199944719672,0.005283599952235818,1,1,1
55400,0.004761100048199296,0.0047744999174028635,0.004604700021445751,1,1,1
55500,0.006829900084994733,0.005219400045461953,0.004749000072479248,1,1,1
55600,0.005031800013966858,0.006638800026848912,0.004570999997667968,1,1,1
55700,0.005669100093655288,0.004618600010871887,0.004886100068688393,1,1,1
55800,0.0065648999297991395,0.004678299999795854,0.004609200055710971,1,1,1
55900,0.005630600033327937,0.004827699973247945,0.004622400039806962,1,1,1
56000,0.005348699982278049,0.004698400036431849,0.0051917999517172575,1,1,1
56100,0.005594699992798269,0.004572700010612607,0.006476399954408407,1,1,1
56200,0.006330200005322695,0.00586580007802695,0.004987500025890768,1,1,1
56300,0.00623749999795109,0.0046672000316902995,0.004801500006578863,1,1,1
56400,0.005387000041082501,0.0046524000354111195,0.004753599991090596,1,1,1
56500,0.005941900075413287,0.0047342999605461955,0.005462599918246269,1,1,1
56600,0.006255200016312301,0.004737999988719821,0.005207999958656728,1,1,1
56700,0.005386800039559603,0.004770900006406009,0.004785500001162291,1,1,1
56800,0.005050199921242893,0.005126499920152128,0.00516329996753484,1,1,1
56900,0.004637200036086142,0.005533599993214011,0.0065876999869942665,1,1,1
57000,0.004865500028245151,0.004992000060155988,0.0050002000061795115,1,1,1
57100,0.0050654999213293195,0.005073399981483817,0.005335499998182058,1,1,1
57200,0.00510290008969605,0.006058600032702088,0.0051871000323444605,1,1,1
57300,0.008382899919524789,0.0058858999982476234,0.004976100055500865,1,1,1
57400,0.005336200003512204,0.004723799997009337,0.005423299968242645,1,1,1
57500,0.004863100009970367,0.004863800015300512,0.005318499985150993,1,1,1
57600,0.004726900020614266,0.004757300019264221,0.00532050000037998,1,1,1
57700,0.004685100051574409,0.005191599950194359,0.0059752999804914,1,1,1
57800,0.004800299997441471,0.005730899982154369,0.004697600030340254,1,1,1
57900,0.005826900014653802,0.006019599968567491,0.0050261999713256955,1,1,1
58000,0.005274099996313453,0.005144500057213008,0.005044499994255602,1,1,1
58100,0.005502299987711012,0.0056316000409424305,0.005578499985858798,1,1,1
58200,0.005281800054945052,0.0055050000082701445,0.010037800064310431,1,1,1
58300,0.006528600002638996,0.00635449995752424,0.005257899989373982,1,1,1
58400,0.005931799998506904,0.005732599995099008,0.004938700003549457,1,1,1
58500,0.005592099973000586,0.005051099928095937,0.005132200079970062,1,1,1
58600,0.00515879993326962,0.005121199996210635,0.004889999981969595,1,1,1
58700,0.005238100071437657,0.005529699963517487,0.004914100049063563,1,1,1
58800,0.006204299977980554,0.006148500018753111,0.0049730000318959355,1,1,1
58900,0.005765800015069544,0.005500799976289272,0.005104100098833442,1,1,1
59000,0.006511199986562133,0.005591999972239137,0.006863599992357194,1,1,1
59100,0.004845599993132055,0.0048345000250265,0.004946800065226853,1,1,1
59200,0.004770699888467789,0.00557240005582571,0.005201400024816394,1,1,1
59300,0.005307600018568337,0.0048741999780759215,0.005074899992905557,1,1,1
59400,0.005934200016781688,0.00603330007288605,0.005673700012266636,1,1,1
59500,0.005953499930910766,0.005141400033608079,0.0051382000092417,1,1,1
59600,0.004800099995918572,0.005491800024174154,0.0054314000299200416,1,1,1
59700,0.005276200012303889,0.0054917000234127045,0.006132100010290742,1,1,1
59800,0.005485699977725744,0.005216000019572675,0.005938399932347238,1,1,1
59900,0.005407899967394769,0.005139100016094744,0.005375599954277277,1,1,1
60000,0.005411499994806945,0.005064300028607249,0.007102100062184036,1,1,1
60100,0.006691800081171095,0.0048744999803602695,0.006730500026606023,1,1,1
60200,0.005938900052569807,0.005448300042189658,0.005123000009916723,1,1,1
60300,0.005283700069412589,0.005574200069531798,0.00595749996136874,1,1,1
60400,0.0062695000087842345,0.006080900086089969,0.005632700049318373,1,1,1
60500,0.005984200048260391,0.005178800085559487,0.006650100112892687,1,1,1
60600,0.005526000051759183,0.005772999953478575,0.006170599954202771,1,1,1
60700,0.005144899943843484,0.005483900080434978,0.0054432000033557415,1,1,1
60800,0.005537599907256663,0.00579149997793138,0.005257999990135431,1,1,1
60900,0.005169600015506148,0.005252599949017167,0.0061311000026762486,1,1,1
61000,0.019996099988929927,0.007017500000074506,0.006204199977219105,1,1,1
61100,0.005833799950778484,0.005463499925099313,0.005631200037896633,1,1,1
61200,0.0061573999701067805,0.005173100042156875,0.007007300038821995,1,1,1
61300,0.006679800106212497,0.0058726000133901834,0.006181100034154952,1,1,1
61400,0.005601500044576824,0.005715399980545044,0.005101600079797208,1,1,1
61500,0.005496199941262603,0.005132499965839088,0.0049857000121846795,1,1,1
61600,0.0069697999861091375,0.00534249993506819,0.006850700010545552,1,1,1
61700,0.0048973000375553966,0.007531999959610403,0.005538800032809377,1,1,1
61800,0.006019799970090389,0.005246000015176833,0.005543000064790249,1,1,1
61900,0.006467100000008941,0.005325400037690997,0.0053125000558793545,1,1,1
62000,0.006760400021448731,0.005471699987538159,0.0056241999845951796,1,1,1
62100,0.005386300035752356,0.005286199972033501,0.005346299964003265,1,1,1
62200,0.005994300008751452,0.00546270003542304,0.005575999966822565,1,1,1
62300,0.0062457999447360635,0.0054163000313565135,0.00607010000385344,1,1,1
62400,0.005369800026528537,0.005308800027705729,0.00527449999935925,1,1,1
62500,0.006162900011986494,0.005249000038020313,0.0051886000437662005,1,1,1
62600,0.005411999998614192,0.005499399965628982,0.005198700004257262,1,1,1
62700,0.005423399969004095,0.005348799983039498,0.00530870002694428,1,1,1
62800,0.007850699941627681,0.005891800043173134,0.005501999985426664,1,1,1
62900,0.005267900065518916,0.005170600023120642,0.0055590999545529485,1,1,1
63000,0.005832200055010617,0.005428000004030764,0.005652799969539046,1,1,1
63100,0.00654420000500977,0.005529400077648461,0.006127299973741174,1,1,1
63200,0.006071400013752282,0.005193199962377548,0.005735000013373792,1,1,1
63300,0.0071066999807953835,0.005520800012163818,0.005316499969922006,1,1,1
63400,0.007316899951547384,0.006469600019045174,0.006465499987825751,1,1,1
63500,0.006693299976177514,0.005568200023844838,0.0059772999957203865,1,1,1
63600,0.006734499940648675,0.006070900009945035,0.006160199991427362,1,1,1
63700,0.006822100025601685,0.00680350000038743,0.005437799962237477,1,1,1
63800,0.005506600020453334,0.007190100033767521,0.005993700004182756,1,1,1
63900,0.006849700002931058,0.005402699927799404,0.005850000074133277,1,1,1
64000,0.0055077000288292766,0.00543289992492646,0.0054509000619873405,1,1,1
64100,0.006962499930523336,0.006839599926024675,0.005624699988402426,1,1,1
64200,0.005475500016473234,0.005845200037583709,0.005768299917690456,1,1,1
64300,0.005374499945901334,0.005846699932590127,0.005450499942526221,1,1,1
64400,0.00649079994764179,0.0054469999158754945,0.0056928000412881374,1,1,1
64500,0.005485399975441396,0.0055862999288365245,0.005716799991205335,1,1,1
64600,0.006203199969604611,0.005362999974749982,0.0056597000220790505,1,1,1
64700,0.005324500030837953,0.005467999959364533,0.006522399955429137,1,1,1
64800,0.006049199961125851,0.00551139994058758,0.0056943000527098775,1,1,1
64900,0.005621999967843294,0.005391699960455298,0.005491399904713035,1,1,1
65000,0.00596199999563396,0.005949400016106665,0.005158900050446391,1,1,1
65100,0.0066992000211030245,0.007343099918216467,0.006507999962195754,1,1,1
65200,0.0070318999933078885,0.006248899968340993,0.006352199940010905,1,1,1
65300,0.006142100086435676,0.007129400037229061,0.005605500075034797,1,1,1
65400,0.0060149000491946936,0.00623759999871254,0.005735800019465387,1,1,1
65500,0.005854799994267523,0.006354599958285689,0.006815599976107478,1,1,1
65600,0.006535799941048026,0.005488900002092123,0.005484199966304004,1,1,1
65700,0.006450299988500774,0.007386600016616285,0.005934900022111833,1,1,1
65800,0.0066015999764204025,0.006268199998885393,0.006478699971921742,1,1,1
65900,0.007765999995172024,0.005874900030903518,0.005428599892184138,1,1,1
66000,0.0075391000136733055,0.006673599942587316,0.006924100103788078,1,1,1
66100,0.006266299984417856,0.005306300008669496,0.005666600074619055,1,1,1
66200,0.0060394000029191375,0.005494200042448938,0.005883299978449941,1,1,1
66300,0.007149999961256981,0.006030100048519671,0.005661100032739341,1,1,1
66400,0.006098999991081655,0.006447999970987439,0.006515300017781556,1,1,1
66500,0.006086700013838708,0.006056500016711652,0.006121800048276782,1,1,1
66600,0.005921900039538741,0.0058287999127060175,0.005786300054751337,1,1,1
66700,0.006181499920785427,0.007717499975115061,0.007060999982059002,1,1,1
66800,0.007113000028766692,0.006385500077158213,0.005743899964727461,1,1,1
66900,0.006607500021345913,0.006047199945896864,0.006873199949041009,1,1,1
67000,0.005782200023531914,0.005937399924732745,0.006913500023074448,1,1,1
67100,0.0062243000138551,0.005811300012283027,0.005703300004824996,1,1,1
67200,0.00824670004658401,0.0062125000404194,0.007133200066164136,1,1,1
67300,0.00590730004478246,0.006833899999037385,0.005700599984265864,1,1,1
67400,0.007152099977247417,0.006118700024671853,0.0057531000347808,1,1,1
67500,0.006088400026783347,0.0059775999980047345,0.007452700054273009,1,1,1
67600,0.006683599902316928,0.005377499968744814,0.00657389999832958,1,1,1
67700,0.006041000015102327,0.006936499965377152,0.005694099934771657,1,1,1
67800,0.006981900078244507,0.0069049999583512545,0.0060365000972524285,1,1,1
67900,0.005764099885709584,0.005779500002972782,0.00606869999319315,1,1,1
68000,0.006571199977770448,0.006035299971699715,0.0057165001053363085,1,1,1
68100,0.0069590999046340585,0.005814200034365058,0.00577550008893013,1,1,1
68200,0.0058793999487534165,0.006007399992085993,0.006046699942089617,1,1,1
68300,0.005759699968621135,0.005994900013320148,0.005833799950778484,1,1,1
68400,0.0062284000450745225,0.005498299957253039,0.005854899995028973,1,1,1
68500,0.006216100067831576,0.006334600038826466,0.005728899966925383,1,1,1
68600,0.00731899996753782,0.00672220007982105,0.007982600014656782,1,1,1
68700,0.006299400003626943,0.005628099897876382,0.005681499955244362,1,1,1
68800,0.006851400015875697,0.006477000075392425,0.006774100009351969,1,1,1
68900,0.00606140005402267,0.00612179993186146,0.006311099976301193,1,1,1
69000,0.006404199986718595,0.005941300070844591,0.006191799999214709,1,1,1
69100,0.005976299988105893,0.006342199980281293,0.006018800078891218,1,1,1
69200,0.006468200008384883,0.007435799925588071,0.006303900037892163,1,1,1
69300,0.00671019998844713,0.006934699951671064,0.006181500037200749,1,1,1
69400,0.005949600017629564,0.006774100009351969,0.005937799927778542,1,1,1
69500,0.006815499975346029,0.0063983999425545335,0.006282599992118776,1,1,1
69600,0.005800300044938922,0.006848999997600913,0.006595600047148764,1,1,1
69700,0.006012600031681359,0.007119099958799779,0.006009500008076429,1,1,1
69800,0.006303400034084916,0.006361600011587143,0.006552100065164268,1,1,1
69900,0.006875299965031445,0.005961299990303814,0.0058892000233754516,1,1,1
70000,0.007998900022357702,0.007634899928234518,0.007480800035409629,1,1,1
70100,0.007932199980132282,0.006640900042839348,0.005638599977828562,1,1,1
70200,0.00600060005672276,0.007216099998913705,0.005972799961455166,1,1,1
70300,0.006583499955013394,0.005924999946728349,0.006334500038065016,1,1,1
70400,0.006874999962747097,0.00597369996830821,0.006158799980767071,1,1,1
70500,0.006630899966694415,0.01335070002824068,0.016444000066258013,1,1,1
70600,0.017843400011770427,0.015960699995048344,0.01502799999434501,1,1,1
70700,0.015871400013566017,0.015532999997958541,0.015038599958643317,1,1,1
70800,0.016323599964380264,0.015137400012463331,0.015103799989446998,1,1,1
70900,0.017531299963593483,0.016949999961070716,0.016637900029309094,1,1,1
71000,0.016648499993607402,0.017109000007621944,0.016291099949739873,1,1,1
71100,0.01566939998883754,0.016335900058038533,0.014882600051350892,1,1,1
71200,0.01510640000924468,0.014854199951514602,0.015926899970509112,1,1,1
71300,0.017413699999451637,0.017873700009658933,0.016694199992343783,1,1,1
71400,0.015345099964179099,0.016856800066307187,0.015795100014656782,1,1,1
71500,0.015971999964676797,0.01497170003131032,0.015545899979770184,1,1,1
71600,0.01673919998575002,0.018664600094780326,0.015956399962306023,1,1,1
71700,0.015757100074552,0.016913600033149123,0.016834800015203655,1,1,1
71800,0.01920900004915893,0.017701799981296062,0.0078553999774158,1,1,1
71900,0.006665399996563792,0.007210999960079789,0.006289700046181679,1,1,1
72000,0.00651460001245141,0.006528099998831749,0.00640349998138845,1,1,1
72100,0.006404799991287291,0.005780300009064376,0.006532900035381317,1,1,1
72200,0.00828199996612966,0.007076499983668327,0.00642130000051111,1,1,1
72300,0.006534100044518709,0.007456499966792762,0.007235300028696656,1,1,1
72400,0.006349099916405976,0.006356099969707429,0.006165900034829974,1,1,1
72500,0.005997800035402179,0.0069014000473544,0.00699930009432137,1,1,1
72600,0.006445600069127977,0.006389400106854737,0.006183000048622489,1,1,1
72700,0.007384099997580051,0.007727599935606122,0.007339200004935265,1,1,1
72800,0.006534899934194982,0.006623700028285384,0.006973600015044212,1,1,1
72900,0.007426199968904257,0.006539600086398423,0.0070405000587925315,1,1,1
73000,0.006889900076203048,0.006180300028063357,0.0071810000808909535,1,1,1
73100,0.006176199996843934,0.006324799964204431,0.006531200022436678,1,1,1
73200,0.0069855001056566834,0.006295400089584291,0.0065750000067055225,1,1,1
73300,0.007393699954263866,0.0073361999820917845,0.007687799981795251,1,1,1
73400,0.007002900005318224,0.006377700017765164,0.006388499983586371,1,1,1
73500,0.0073581000324338675,0.006248399964533746,0.006277099950239062,1,1,1
73600,0.006681099999696016,0.006180700031109154,0.006846999982371926,1,1,1
73700,0.00767019996419549,0.006670000031590462,0.007187900017015636,1,1,1
73800,0.007182599976658821,0.006196899921633303,0.00619589991401881,1,1,1
73900,0.0064591000555083156,0.007859200006350875,0.007342100027017295,1,1,1
74000,0.00739330006763339,0.006439400021918118,0.006635500001721084,1,1,1
74100,0.007321299985051155,0.006296299980022013,0.006540899979881942,1,1,1
74200,0.007596299983561039,0.006649500108323991,0.006563700037077069,1,1,1
74300,0.006724199978634715,0.007413799990899861,0.006355699966661632,1,1,1
74400,0.007267999928444624,0.006611199933104217,0.00628199998755008,1,1,1
74500,0.006717300042510033,0.006762400036677718,0.006627799943089485,1,1,1
74600,0.0074430000968277454,0.007203800021670759,0.00832939997781068,1,1,1
74700,0.007425899966619909,0.006077799946069717,0.007117900066077709,1,1,1
74800,0.007080200011841953,0.006613599951379001,0.007663799915462732,1,1,1
74900,0.006932300049811602,0.007702699978835881,0.007135199964977801,1,1,1
75000,0.006317800027318299,0.007016699993982911,0.00655449996702373,1,1,1
75100,0.007982799899764359,0.006636000005528331,0.007314700051210821,1,1,1
75200,0.006377400015480816,0.006153499940410256,0.006806900026276708,1,1,1
75300,0.006994600058533251,0.0072425000835210085,0.006682700011879206,1,1,1
75400,0.006553600076586008,0.006774000008590519,0.0072416000766679645,1,1,1
75500,0.007843900006264448,0.006833399995230138,0.00658569997176528,1,1,1
75600,0.00709669990465045,0.006586700095795095,0.007384600001387298,1,1,1
75700,0.007908899919129908,0.008218599949032068,0.007106099976226687,1,1,1
75800,0.006480999989435077,0.007369700004346669,0.006782599957659841,1,1,1
75900,0.006411500042304397,0.006643699947744608,0.006759600015357137,1,1,1
76000,0.007240600069053471,0.0065753000089898705,0.00645659992005676,1,1,1
76100,0.006624800036661327,0.007800999912433326,0.007442699978128076,1,1,1
76200,0.008165000006556511,0.007057999959215522,0.007227299967780709,1,1,1
76300,0.0073741000378504395,0.0070908000925555825,0.007197099970653653,1,1,1
76400,0.006373699987307191,0.006505799945443869,0.006608600029721856,1,1,1
76500,0.007090799976140261,0.006345900008454919,0.0066003999672830105,1,1,1
76600,0.006932999938726425,0.0069312999257817864,0.0073781999526545405,1,1,1
76700,0.007026099949143827,0.006787999998778105,0.006187499966472387,1,1,1
76800,0.007620200049132109,0.00908380001783371,0.007678399910219014,1,1,1
76900,0.006845299969427288,0.0072864999528974295,0.006786299985833466,1,1,1
77000,0.008736299932934344,0.00802119995933026,0.007208399940282106,1,1,1
77100,0.007444499991834164,0.0072110999608412385,0.008824700023978949,1,1,1
77200,0.008303900016471744,0.008615000057034194,0.006392200011759996,1,1,1
77300,0.0070911000948399305,0.007614400004968047,0.008765600039623678,1,1,1
77400,0.01841329992748797,0.018470500013791025,0.016737999976612628,1,1,1
77500,0.016978699946776032,0.01890949998050928,0.018955099978484213,1,1,1
77600,0.008402399951592088,0.006097999983467162,0.0064208999974653125,1,1,1
77700,0.006683100014925003,0.0066491999896243215,0.006672799936495721,1,1,1
77800,0.006473299930803478,0.006876599974930286,0.006727500003762543,1,1,1
77900,0.006727500003762543,0.006780800060369074,0.0073726000264286995,1,1,1
78000,0.006919099949300289,0.007269300054758787,0.0066683999029919505,1,1,1
78100,0.007960899965837598,0.007418600027449429,0.00758740003220737,1,1,1
78200,0.007053100038319826,0.006593000027351081,0.006615399965085089,1,1,1
78300,0.007705399999395013,0.0074269999749958515,0.007132599945180118,1,1,1
78400,0.0077954999869689345,0.006845499970950186,0.008197100018151104,1,1,1
78500,0.00762119994033128,0.008169899927452207,0.006369099952280521,1,1,1
78600,0.006498900009319186,0.007853499962948263,0.007345899939537048,1,1,1
78700,0.007367799989879131,0.007007300038821995,0.007148700067773461,1,1,1
78800,0.007962600095197558,0.0067900000140070915,0.00670440006069839,1,1,1
78900,0.007047899998724461,0.006922199972905219,0.007167199975810945,1,1,1
79000,0.0075561999110504985,0.007559099933132529,0.006788300001062453,1,1,1
79100,0.008230200037360191,0.0066362000070512295,0.006594000034965575,1,1,1
79200,0.008812100044451654,0.007331299944780767,0.006713000009767711,1,1,1
79300,0.00780949997715652,0.007600800017826259,0.006997500080615282,1,1,1
79400,0.007583099999465048,0.0069923000410199165,0.006779200048185885,1,1,1
79500,0.007782400003634393,0.007768700015731156,0.007828300003893673,1,1,1
79600,0.007577099953778088,0.007898699957877398,0.00663879991043359,1,1,1
79700,0.006627900060266256,0.006725699990056455,0.006368599948473275,1,1,1
79800,0.007116499939002097,0.007113299914635718,0.006937399972230196,1,1,1
79900,0.00777410005684942,0.009120899951085448,0.008302300004288554,1,1,1
80000,0.007985200034454465,0.008213000022806227,0.008073900011368096,1,1,1
80100,0.007585299899801612,0.006943600019440055,0.006973600015044212,1,1,1
80200,0.006855600047856569,0.006756499991752207,0.006724199978634715,1,1,1
80300,0.008067800081335008,0.007912600063718855,0.006743700010702014,1,1,1
80400,0.007832300034351647,0.006647199974395335,0.009099700022488832,1,1,1
80500,0.006817500106990337,0.0068641999969258904,0.007615200011059642,1,1,1
80600,0.0084391999989748,0.007263900013640523,0.008349800016731024,1,1,1
80700,0.007648200029507279,0.007145300041884184,0.0072623000014573336,1,1,1
80800,0.007573000038973987,0.007254699943587184,0.00695040007121861,1,1,1
80900,0.007064900011755526,0.007168599986471236,0.009160199901089072,1,1,1
81000,0.008723999955691397,0.006842699949629605,0.00739609997253865,1,1,1
81100,0.008225500001572073,0.007119100075215101,0.007078700000420213,1,1,1
81200,0.0072725999634712934,0.00874740001745522,0.007119900081306696,1,1,1
81300,0.007957200054079294,0.008794500026851892,0.010664200061000884,1,1,1
81400,0.018511599977500737,0.010766899911686778,0.006525399978272617,1,1,1
81500,0.006907999981194735,0.007092499989084899,0.016379699925892055,1,1,1
81600,0.018747599911876023,0.018299699993804097,0.01706650003325194,1,1,1
81700,0.01928160001989454,0.018371100071817636,0.01764269999694079,1,1,1
81800,0.01997070002835244,0.018481999984942377,0.01772719994187355,1,1,1
81900,0.018235400086268783,0.019100600038655102,0.018336599925532937,1,1,1
82000,0.01713159994687885,0.017800600035116076,0.01713790011126548,1,1,1
82100,0.019295500009320676,0.022242799983359873,0.021988200023770332,1,1,1
82200,0.01954250002745539,0.019041899940930307,0.017717799986712635,1,1,1
82300,0.0197395000141114,0.01870959997177124,0.01891109999269247,1,1,1
82400,0.02311730000656098,0.017885200097225606,0.006803399999625981,1,1,1
82500,0.008346300106495619,0.006958900019526482,0.0069064999697729945,1,1,1
82600,0.007466500042937696,0.007064600009471178,0.007818799931555986,1,1,1
82700,0.007383999996818602,0.007106300094164908,0.008402000064961612,1,1,1
82800,0.009902900084853172,0.01967010006774217,0.01927409996278584,1,1,1
82900,0.03048409998882562,0.025036399951204658,0.0075323999626562,1,1,1
83000,0.009668700047768652,0.007082299911417067,0.00692800001706928,1,1,1
83100,0.006907599978148937,0.008868199889548123,0.007122899987734854,1,1,1
83200,0.008537600049749017,0.007333500077947974,0.009116800036281347,1,1,1
83300,0.006982999970205128,0.008014300023205578,0.008338000043295324,1,1,1
83400,0.008237299975007772,0.007029200089164078,0.007131499936804175,1,1,1
83500,0.007206999929621816,0.007205700036138296,0.008187300059944391,1,1,1
83600,0.007723300019279122,0.007010700064711273,0.006877999985590577,1,1,1
83700,0.0067845000885427,0.007133399951271713,0.00818879995495081,1,1,1
83800,0.006934899953193963,0.008697999990545213,0.007262400002218783,1,1,1
83900,0.007820599945262074,0.007485799957066774,0.007368399994447827,1,1,1
84000,0.008306400035507977,0.00759619998279959,0.007137300097383559,1,1,1
84100,0.008512599975802004,0.007575399940833449,0.007024800055660307,1,1,1
84200,0.008148399996571243,0.008630000054836273,0.008028000011108816,1,1,1
84300,0.008326100069098175,0.006913099903613329,0.006982399965636432,1,1,1
84400,0.007824699976481497,0.007931400090456009,0.007532099960371852,1,1,1
84500,0.007492000004276633,0.007632000022567809,0.00729099998716265,1,1,1
84600,0.007309200009331107,0.008267700090073049,0.008547800011001527,1,1,1
84700,0.007235300028696656,0.007074099965393543,0.0069839999778196216,1,1,1
84800,0.00787739991210401,0.008992799906991422,0.007135599968023598,1,1,1
84900,0.007190200034528971,0.008112100069411099,0.0071983999805524945,1,1,1
85000,0.007892100024037063,0.007490600110031664,0.007485799957066774,1,1,1
85100,0.00713679997716099,0.007047199993394315,0.006783299962989986,1,1,1
85200,0.008647700073197484,0.007195600075647235,0.007011999958194792,1,1,1
85300,0.007760900072753429,0.007358200033195317,0.007521599996834993,1,1,1
85400,0.007788100047037005,0.007905500009655952,0.007255999953486025,1,1,1
85500,0.008751500048674643,0.007320199976675212,0.007166899973526597,1,1,1
85600,0.00811930000782013,0.008902200032025576,0.0072948000160977244,1,1,1
85700,0.009056000038981438,0.007588100037537515,0.007398999994620681,1,1,1
85800,0.007882699952460825,0.00747319997753948,0.008216400048695505,1,1,1
85900,0.010641800006851554,0.007482799934223294,0.007264600018970668,1,1,1
86000,0.009490700089372694,0.007207199931144714,0.007216400001198053,1,1,1
86100,0.009137099958024919,0.008452999987639487,0.008275000029243529,1,1,1
86200,0.0076676999451592565,0.007341900025494397,0.008158099954016507,1,1,1
86300,0.00819469999987632,0.008201799937523901,0.007408300065435469,1,1,1
86400,0.007594800088554621,0.007692200015299022,0.007882299949415028,1,1,1
86500,0.008030900033190846,0.010155300027690828,0.008722100057639182,1,1,1
86600,0.00808649999089539,0.007900600088760257,0.009451600024476647,1,1,1
86700,0.00832540006376803,0.008818899979814887,0.007995599997229874,1,1,1
86800,0.00805110007058829,0.007399599999189377,0.007402600022032857,1,1,1
86900,0.009533000062219799,0.007224599947221577,0.007847100030630827,1,1,1
87000,0.007424299954436719,0.0071069999830797315,0.007220699917525053,1,1,1
87100,0.007632300024852157,0.007721800007857382,0.007611499982886016,1,1,1
87200,0.0073621999472379684,0.0074495000299066305,0.007209200062789023,1,1,1
87300,0.008562499890103936,0.00871640001423657,0.007997600012458861,1,1,1
87400,0.007687099976465106,0.007400300004519522,0.007678900030441582,1,1,1
87500,0.008276200038380921,0.008827300043776631,0.007996600004844368,1,1,1
87600,0.007977799978107214,0.00785389996599406,0.007900199969299138,1,1,1
87700,0.008800299954600632,0.008204399957321584,0.008675299934111536,1,1,1
87800,0.008236699970439076,0.007548299967311323,0.007527099922299385,1,1,1
87900,0.0077751000644639134,0.007878000033088028,0.008425099891610444,1,1,1
88000,0.00872669997625053,0.007822000072337687,0.0076234000734984875,1,1,1
88100,0.008940000087022781,0.007993699982762337,0.0076512000523507595,1,1,1
88200,0.008050700067542493,0.00841120001859963,0.007836699951440096,1,1,1
88300,0.007704499992541969,0.01002289995085448,0.007352699991315603,1,1,1
88400,0.008254699991084635,0.009579599951393902,0.021075299941003323,1,1,1
88500,0.019538699998520315,0.019817399908788502,0.018614700064063072,1,1,1
88600,0.02272640005685389,0.025386500055901706,0.02256329997908324,1,1,1
88700,0.025707100052386522,0.02292919997125864,0.02351460000500083,1,1,1
88800,0.01852300006430596,0.007306699990294874,0.007454800070263445,1,1,1
88900,0.02358109992928803,0.011172399972565472,0.007900500087998807,1,1,1
89000,0.00796810002066195,0.007544900057837367,0.00750579999294132,1,1,1
89100,0.00872669997625053,0.010065600043162704,0.007666200050152838,1,1,1
89200,0.009493899997323751,0.007765299989841878,0.00803030002862215,1,1,1
89300,0.00889709999319166,0.007496300037018955,0.008204799960367382,1,1,1
89400,0.007861300022341311,0.009162000031210482,0.007328700041398406,1,1,1
89500,0.00785249995533377,0.007880500052124262,0.008170000044628978,1,1,1
89600,0.00901559996418655,0.007529500056989491,0.008264699950814247,1,1,1
89700,0.0076225000666454434,0.007862600032240152,0.007918399991467595,1,1,1
89800,0.009276000084355474,0.007645400008186698,0.007515499950386584,1,1,1
89900,0.009006400010548532,0.007581899990327656,0.007527599926106632,1,1,1
90000,0.008485300000756979,0.007753400015644729,0.0075644999742507935,1,1,1
90100,0.010136800003238022,0.011137700057588518,0.007818100042641163,1,1,1
90200,0.007734100101515651,0.007783400011248887,0.007859500008635223,1,1,1
90300,0.008079500054009259,0.009741300018504262,0.00803299993276596,1,1,1
90400,0.009189400007016957,0.008035199949517846,0.009683500044047832,1,1,1
90500,0.008851899998262525,0.008008599979802966,0.008224099990911782,1,1,1
90600,0.008540099952369928,0.00857850001193583,0.008253299980424345,1,1,1
90700,0.009890499990433455,0.008545699995011091,0.008223499986343086,1,1,1
90800,0.008793800021521747,0.010011899983510375,0.007909299922175705,1,1,1
90900,0.008588099968619645,0.008585999952629209,0.01085560000501573,1,1,1
91000,0.008726700092665851,0.009759699925780296,0.00896639993879944,1,1,1
91100,0.011636800016276538,0.007974299951456487,0.0075163000728935,1,1,1
91200,0.00768949999473989,0.008489200030453503,0.007891400018706918,1,1,1
91300,0.007995399995706975,0.007632200024090707,0.008141799946315587,1,1,1
91400,0.008863900089636445,0.007773399935103953,0.0076775000197812915,1,1,1
91500,0.008663399959914386,0.007907499908469617,0.007634699926711619,1,1,1
91600,0.007582099991850555,0.007738600019365549,0.007942400057800114,1,1,1
91700,0.00787620001938194,0.008531800005584955,0.008438299992121756,1,1,1
91800,0.009518299950286746,0.009088499937206507,0.008157999953255057,1,1,1
91900,0.008062200038693845,0.0076929000206291676,0.008841700037010014,1,1,1
92000,0.008060900028795004,0.00804520002566278,0.007985200034454465,1,1,1
92100,0.010391199961304665,0.008163299993611872,0.007858299999497831,1,1,1
92200,0.008312899968586862,0.008155900053679943,0.007606100058183074,1,1,1
92300,0.009202599991112947,0.007686099968850613,0.007795500103384256,1,1,1
92400,0.00813249999191612,0.008050299948081374,0.007920400006696582,1,1,1
92500,0.010551900020800531,0.008057099999859929,0.00780199992004782,1,1,1
92600,0.007798200007528067,0.007703599985688925,0.0081708999350667,1,1,1
92700,0.007940600044094026,0.00798290001694113,0.009140399983152747,1,1,1
92800,0.008242400013841689,0.008115699980407953,0.007790700066834688,1,1,1
92900,0.00796670001000166,0.007869199966080487,0.007968300022184849,1,1,1
93000,0.008143699960783124,0.007896800059825182,0.008808400016278028,1,1,1
93100,0.008319500018842518,0.00924049993045628,0.009336299961432815,1,1,1
93200,0.00793409999459982,0.00861839996650815,0.009639699943363667,1,1,1
93300,0.008567000040784478,0.009789700037799776,0.008400600054301322,1,1,1
93400,0.007953000022098422,0.008109900052659214,0.00900629989337176,1,1,1
93500,0.00888079998549074,0.008247000048868358,0.008085600100457668,1,1,1
93600,0.008922299952246249,0.009007800021208823,0.008112900075502694,1,1,1
93700,0.008027100004255772,0.007993599982000887,0.009184500086121261,1,1,1
93800,0.008315399987623096,0.008522899937815964,0.008064499939791858,1,1,1
93900,0.008665199973620474,0.008185200043953955,0.009113100008107722,1,1,1
94000,0.007882899953983724,0.008032100042328238,0.007696499931626022,1,1,1
94100,0.009294299990870059,0.009102400043047965,0.008750699926167727,1,1,1
94200,0.008315599989145994,0.008712299983017147,0.008533200016245246,1,1,1
94300,0.008506300044246018,0.008195700007490814,0.008206200087442994,1,1,1
94400,0.010133399977348745,0.009962899959646165,0.007769700023345649,1,1,1
94500,0.023357400088571012,0.025265300064347684,0.018273900030180812,1,1,1
94600,0.008507899940013885,0.008361999993212521,0.008265800075605512,1,1,1
94700,0.009812199976295233,0.008095999946817756,0.008262499934062362,1,1,1
94800,0.008313499973155558,0.007928700069896877,0.007828200003132224,1,1,1
94900,0.009215999976731837,0.008560399990528822,0.007814600015990436,1,1,1
95000,0.008371099946089089,0.009046199964359403,0.007805499946698546,1,1,1
95100,0.00858160003554076,0.008679600083269179,0.00830600003246218,1,1,1
95200,0.008253099978901446,0.008219700073823333,0.008374999975785613,1,1,1
95300,0.009498200030066073,0.009119799942709506,0.008373699965886772,1,1,1
95400,0.00827320001553744,0.008264499949291348,0.008049200056120753,1,1,1
95500,0.00851179996971041,0.008233600063249469,0.008063900051638484,1,1,1
95600,0.009074300061911345,0.008660099934786558,0.008412300026975572,1,1,1
95700,0.010035400046035647,0.009359899908304214,0.008842000039294362,1,1,1
95800,0.009603799902833998,0.008050399948842824,0.008167300024069846,1,1,1
95900,0.008592300000600517,0.008259200025349855,0.023285300005227327,1,1,1
96000,0.021841199952177703,0.02145959995687008,0.022110300022177398,1,1,1
96100,0.02328039996791631,0.020689500030130148,0.017939800047315657,1,1,1
96200,0.00787439988926053,0.00830129999667406,0.008275100030004978,1,1,1
96300,0.008736300049349666,0.009078400093130767,0.00798119988758117,1,1,1
96400,0.008687300025485456,0.00950899999588728,0.008529500104486942,1,1,1
96500,0.009299299912527204,0.008348000003024936,0.008385600056499243,1,1,1
96600,0.00875340006314218,0.007983500021509826,0.00791159993968904,1,1,1
96700,0.00816369999665767,0.008055799989961088,0.007985700038261712,1,1,1
96800,0.008167300024069846,0.008730000001378357,0.008282299968414009,1,1,1
96900,0.008328000083565712,0.008422500104643404,0.008607499999925494,1,1,1
97000,0.009007000015117228,0.009085499914363027,0.008639800013042986,1,1,1
97100,0.00795190001372248,0.021592600038275123,0.04001899994909763,1,1,1
97200,0.008306399919092655,0.00857700000051409,0.008177199983038008,1,1,1
97300,0.00871490000281483,0.008221199968829751,0.008074999903328717,1,1,1
97400,0.016396299935877323,0.01984770002309233,0.009340599994175136,1,1,1
97500,0.008109699934720993,0.008187699946574867,0.008273800020106137,1,1,1
97600,0.010491100023500621,0.008896400104276836,0.008449100074358284,1,1,1
97700,0.008593900012783706,0.008315799990668893,0.00844489992596209,1,1,1
97800,0.008668499998748302,0.010368500021286309,0.008268800098448992,1,1,1
97900,0.007959599955938756,0.00804949994198978,0.008518099901266396,1,1,1
98000,0.008519800030626357,0.008040099986828864,0.008081900072284043,1,1,1
98100,0.008069500094279647,0.008095100056380033,0.008035399951040745,1,1,1
98200,0.008372500073164701,0.00964810000732541,0.009749299963004887,1,1,1
98300,0.009656299953348935,0.009515399928204715,0.009418100002221763,1,1,1
98400,0.00954429991543293,0.00865410000551492,0.010475900024175644,1,1,1
98500,0.009628099971450865,0.008656500023789704,0.00894760002847761,1,1,1
98600,0.009507699985988438,0.00926910003181547,0.008662399952299893,1,1,1
98700,0.008198700030334294,0.00828939990606159,0.009066400001756847,1,1,1
98800,0.008512399974279106,0.008553000050596893,0.008470499888062477,1,1,1
98900,0.009427500073798,0.009623700054362416,0.008939799969084561,1,1,1
99000,0.008379300008527935,0.008536399924196303,0.010791599983349442,1,1,1
99100,0.009057400049641728,0.009024300030432642,0.00902310002129525,1,1,1
99200,0.01162020000629127,0.008975400007329881,0.009244899963960052,1,1,1
99300,0.008320500026457012,0.008646899950690567,0.008464899961836636,1,1,1
99400,0.009359700023196638,0.008572699967771769,0.009304899955168366,1,1,1
99500,0.008578200009651482,0.009101800038479269,0.00860069994814694,1,1,1
99600,0.009096699999645352,0.008508500060997903,0.008749300031922758,1,1,1
99700,0.009862100007012486,0.009401999996043742,0.008539399947039783,1,1,1
99800,0.008234399952925742,0.00878589996136725,0.010304399998858571,1,1,1
99900,0.009211900061927736,0.01078180002514273,0.00899500004015863,1,1,1
